文法,章節,等級,類型,接續,中文意思,例句1,中文翻譯1,例句2,中文翻譯2,易錯點,狀態,複習日期
〜です,名詞句,N5,必學,N + です,是...,"私は学生です。","我是學生。","これは本です。","這是書。","です不是動詞，是禮貌判斷句尾。",待學,
〜ではありません,名詞句,N5,必學,N + ではありません,不是...,"私は先生ではありません。","我不是老師。","これは水ではありません。","這不是水。","口語常說じゃありません，但考試常見ではありません。",待學,
〜じゃありません,名詞句,N5,會話常用,N + じゃありません,不是...,"私は日本人じゃありません。","我不是日本人。","これはペンじゃありません。","這不是筆。","比ではありません口語。正式作文可用ではありません。",待學,
〜ですか,疑問句,N5,必學,句子 + か,是...嗎,"これは本ですか。","這是書嗎？","田中さんは先生ですか。","田中先生是老師嗎？","日文疑問句常用か，不一定需要問號。",待學,
はい / いいえ,基本回應,N5,會話常用,はい / いいえ + 句子,是 / 不是,"はい、学生です。","是，我是學生。","いいえ、先生ではありません。","不是，我不是老師。","回答否定疑問句時，不要直接照中文邏輯翻。",待學,
これ / それ / あれ,指示詞,N5,必學,これ/それ/あれ + は + Nです,這個 / 那個 / 那個,"これは水です。","這是水。","それは辞書です。","那是字典。","これ靠近自己，それ靠近對方，あれ離雙方都遠。",待學,
この / その / あの,指示詞,N5,必學,この/その/あの + N,這個... / 那個...,"この本は新しいです。","這本書是新的。","あの人は先生です。","那個人是老師。","この後面一定要接名詞，不能單獨使用。",待學,
どれ,指示詞,N5,必學,どれ + ですか,哪一個,"あなたの本はどれですか。","你的書是哪一本？","田中さんのかばんはどれですか。","田中的包包是哪一個？","どれ單獨指哪一個，どの後面要接名詞。",待學,
どの,指示詞,N5,必學,どの + N,哪個...,"どの本が好きですか。","你喜歡哪本書？","どの人が先生ですか。","哪個人是老師？","どの不能單獨用，後面要接名詞。",待學,
〜の〜,名詞句,N5,必學,N1 + の + N2,的 / 所屬 / 關係,"私の名前はリンです。","我的名字是 Lin。","日本語の本です。","是日文書。","の不只表示所有，也可表示種類或關係。",待學,
〜も,助詞,N5,必學,N + も,也,"私も学生です。","我也是學生。","これも水です。","這也是水。","も會取代は或が的位置，不是直接加在後面。",待學,
〜は〜です,助詞,N5,必學,N1 + は + N2です,以...為主題說明,"私は会社員です。","我是上班族。","これは日本語の本です。","這是日文書。","は讀作wa，不讀ha。",待學,
〜はどこですか,疑問句,N5,必學,N + は + どこですか,...在哪裡,"トイレはどこですか。","廁所在哪裡？","駅はどこですか。","車站在哪裡？","どこ問地點，不問人。",待學,
〜は何ですか,疑問句,N5,必學,N + は + 何ですか,...是什麼,"これは何ですか。","這是什麼？","あなたの仕事は何ですか。","你的工作是什麼？","何在不同接續下讀なん或なに。",待學,
〜は誰ですか,疑問句,N5,必學,N + は + 誰ですか,...是誰,"あの人は誰ですか。","那個人是誰？","この人は誰ですか。","這個人是誰？","誰讀だれ，禮貌一點可說どなた。",待學,
〜があります,存在句,N5,必學,N + があります,有某物 / 有植物,"机があります。","有桌子。","公園があります。","有公園。","あります用於無生命物或植物。",待學,
〜がいます,存在句,N5,必學,N + がいます,有人 / 有動物,"猫がいます。","有貓。","教室に学生がいます。","教室裡有學生。","います用於人和動物。",待學,
〜に〜があります,存在句,N5,必學,場所 + に + N + があります,在某地有某物,"部屋に机があります。","房間裡有桌子。","駅の前に銀行があります。","車站前有銀行。","地點後面用に，存在物前常用が。",待學,
〜に〜がいます,存在句,N5,必學,場所 + に + N + がいます,在某地有人 / 動物,"公園に犬がいます。","公園裡有狗。","教室に先生がいます。","教室裡有老師。","不要把人或動物用あります。",待學,
〜は〜にあります,存在句,N5,必學,N + は + 場所 + にあります,某物在某地,"本は机の上にあります。","書在桌上。","銀行は駅の前にあります。","銀行在車站前。","主題是物品時用は，位置後用に。",待學,
〜は〜にいます,存在句,N5,必學,N + は + 場所 + にいます,某人 / 動物在某地,"田中さんは教室にいます。","田中在教室。","猫は部屋にいます。","貓在房間裡。","人和動物的位置用います。",待學,
〜をください,請求,N5,會話常用,N + をください,請給我...,"水をください。","請給我水。","これをください。","請給我這個。","買東西或點餐很常用。",待學,
〜をお願いします,請求,N5,會話常用,N + をお願いします,麻煩給我 / 拜託...,"コーヒーをお願いします。","麻煩給我咖啡。","日本語の本をお願いします。","麻煩給我日文書。","比ください更柔和，服務場合常用。",待學,
〜が好きです,喜好,N5,必學,N + が好きです,喜歡...,"私は音楽が好きです。","我喜歡音樂。","田中さんは猫が好きです。","田中喜歡貓。","喜歡的對象用が，不用を。",待學,
〜が嫌いです,喜好,N5,補充,N + が嫌いです,討厭...,"私は魚が嫌いです。","我討厭魚。","彼は勉強が嫌いです。","他討厭讀書。","嫌い是な形容詞，不是動詞。",待學,
〜が上手です,能力評價,N5,常考,N + が上手です,擅長...,"彼は日本語が上手です。","他很擅長日文。","母は料理が上手です。","媽媽很會做菜。","稱讚別人常用，自稱太直接可能不自然。",待學,
〜が下手です,能力評價,N5,常考,N + が下手です,不擅長...,"私は歌が下手です。","我不擅長唱歌。","彼は料理が下手です。","他不會做菜。","下手也是な形容詞。",待學,
〜がわかります,能力,N5,必學,N + がわかります,懂 / 明白...,"日本語が少しわかります。","我懂一點日文。","この言葉がわかります。","我懂這個詞。","懂的內容用が，不用を。",待學,
〜ができます,能力,N5,必學,N + ができます,會 / 能...,"日本語ができます。","我會日文。","料理ができます。","我會做菜。","表示能力時對象用が。",待學,
〜を食べます,動詞ます形,N5,必學,N + を + 食べます,吃...,"パンを食べます。","吃麵包。","昼ご飯を食べます。","吃午餐。","直接受詞常用を，讀作o。",待學,
〜を飲みます,動詞ます形,N5,必學,N + を + 飲みます,喝...,"水を飲みます。","喝水。","コーヒーを飲みます。","喝咖啡。","を標示被喝的東西。",待學,
〜を見ます,動詞ます形,N5,必學,N + を + 見ます,看...,"映画を見ます。","看電影。","テレビを見ます。","看電視。","見る是二類動詞，ます形是見ます。",待學,
〜を読みます,動詞ます形,N5,必學,N + を + 読みます,讀...,"本を読みます。","讀書。","新聞を読みます。","看報紙。","日文讀報紙也用読みます。",待學,
〜を書きます,動詞ます形,N5,必學,N + を + 書きます,寫...,"名前を書きます。","寫名字。","手紙を書きます。","寫信。","書く的ます形是書きます。",待學,
〜へ行きます,移動,N5,必學,場所 + へ + 行きます,去...,"学校へ行きます。","去學校。","日本へ行きます。","去日本。","へ作助詞時讀e，不讀he。",待學,
〜に行きます,移動,N5,必學,場所 + に + 行きます,去...,"会社に行きます。","去公司。","駅に行きます。","去車站。","に和へ都可表示方向，に比較強調目的地。",待學,
〜で行きます,交通,N5,必學,交通工具 + で + 行きます,搭...去,"バスで行きます。","搭公車去。","電車で学校へ行きます。","搭電車去學校。","交通工具用で。走路是歩いて。",待學,
〜で食べます,場所,N5,必學,場所 + で + 動詞,在某地做動作,"家でご飯を食べます。","在家吃飯。","図書館で本を読みます。","在圖書館讀書。","動作發生的地點用で，存在地點用に。",待學,
〜ません,否定,N5,必學,Vます去ます + ません,不做...,"今日は行きません。","今天不去。","肉を食べません。","不吃肉。","ます形否定是ません。",待學,
〜ました,過去,N5,必學,Vます去ます + ました,做了...,"昨日、映画を見ました。","昨天看了電影。","朝ご飯を食べました。","吃了早餐。","禮貌過去式用ました。",待學,
〜ませんでした,過去否定,N5,必學,Vます去ます + ませんでした,沒有做...,"昨日、勉強しませんでした。","昨天沒有讀書。","朝ご飯を食べませんでした。","沒有吃早餐。","不是ませんた，完整是ませんでした。",待學,
い形容詞 + です,い形容詞,N5,必學,い形容詞 + です,很...,"この本はおもしろいです。","這本書很有趣。","今日は暑いです。","今天很熱。","い形容詞可直接接です。",待學,
い形容詞否定,い形容詞,N5,必學,い形容詞去い + くないです,不...,"この料理は高くないです。","這道料理不貴。","今日は寒くないです。","今天不冷。","不要說高いじゃありません。",待學,
い形容詞過去,い形容詞,N5,必學,い形容詞去い + かったです,以前很...,"昨日は暑かったです。","昨天很熱。","映画はおもしろかったです。","電影很有趣。","いい的過去是よかったです。",待學,
な形容詞 + です,な形容詞,N5,必學,な形容詞 + です,很...,"この町は静かです。","這個城市很安靜。","この部屋はきれいです。","這個房間很乾淨。","な形容詞接名詞時才加な。",待學,
な形容詞否定,な形容詞,N5,必學,な形容詞 + ではありません,不...,"ここは静かではありません。","這裡不安靜。","この店は便利ではありません。","這家店不方便。","口語可說じゃありません。",待學,
な形容詞 + な + 名詞,な形容詞,N5,必學,な形容詞 + な + N,...的名詞,"静かな町です。","是安靜的城市。","きれいな部屋です。","是乾淨的房間。","修飾名詞時要加な。",待學,
〜の前に,位置,N5,常考,N + の前に,在...前面,"駅の前に銀行があります。","車站前有銀行。","机の前に椅子があります。","桌子前有椅子。","前に可表示位置，也可表示時間之前。",待學,
〜の後ろに,位置,N5,常考,N + の後ろに,在...後面,"家の後ろに公園があります。","家後面有公園。","車の後ろに猫がいます。","車後面有貓。","後ろ讀うしろ。",待學,
〜の上に,位置,N5,常考,N + の上に,在...上面,"机の上に本があります。","桌上有書。","棚の上に時計があります。","架子上有時鐘。","上に強調位置在上方或表面。",待學,
〜の下に,位置,N5,常考,N + の下に,在...下面,"机の下にかばんがあります。","桌下有包包。","椅子の下に猫がいます。","椅子下面有貓。","下讀した。",待學,
〜から〜まで,時間 / 範圍,N5,必學,N + から + N + まで,從...到...,"学校は九時から三時までです。","學校從九點到三點。","東京から大阪まで行きます。","從東京去到大阪。","可用於時間也可用於地點。",待學,
〜時に,時間,N5,必學,時間 + に,在幾點,"七時に起きます。","七點起床。","九時に学校へ行きます。","九點去學校。","具體時間點用に，今天明天通常不用に。",待學,
〜ごろ,時間,N5,常用,時間 + ごろ,大約...點,"七時ごろ起きます。","大約七點起床。","十時ごろ寝ます。","大約十點睡。","ごろ表示大概時間點，ぐらい表示大概量。",待學,
毎日〜ます,頻率,N5,必學,毎日 + Vます,每天做...,"毎日、日本語を勉強します。","每天學日文。","毎日、コーヒーを飲みます。","每天喝咖啡。","毎日後面不一定要加に。",待學,
よく〜ます,頻率,N5,常用,よく + Vます,常常做...,"よく音楽を聞きます。","常常聽音樂。","よく本を読みます。","常常讀書。","よく是副詞，放動詞前很自然。",待學,
あまり〜ません,頻率,N5,常考,あまり + Vません,不太...,"あまりテレビを見ません。","不太看電視。","あまり肉を食べません。","不太吃肉。","あまり常和否定一起用。",待學,
全然〜ません,頻率,N5,常考,全然 + Vません,完全不...,"全然わかりません。","完全不懂。","全然行きません。","完全不去。","初級先記全然配否定。",待學,
〜ましょう,邀請 / 提議,N5,必學,Vます去ます + ましょう,一起...吧,"一緒に行きましょう。","一起去吧。","日本語を勉強しましょう。","一起學日文吧。","比命令柔和，是提議。",待學,
〜ませんか,邀請,N5,必學,Vます去ます + ませんか,要不要...,"一緒に映画を見ませんか。","要不要一起看電影？","コーヒーを飲みませんか。","要不要喝咖啡？","比ましょう更像邀請對方。",待學,
〜てください,請求,N5,必學,Vて形 + ください,請做...,"名前を書いてください。","請寫名字。","少し待ってください。","請稍等一下。","需要先會て形變化。",待學,
〜てもいいです,許可,N5,常考,Vて形 + もいいです,可以做...,"ここで写真を撮ってもいいです。","可以在這裡拍照。","水を飲んでもいいです。","可以喝水。","問句是てもいいですか。",待學,
〜てはいけません,禁止,N5,常考,Vて形 + はいけません,不可以做...,"ここでタバコを吸ってはいけません。","不可以在這裡抽菸。","教室で食べてはいけません。","不可以在教室吃東西。","は可口語讀成wa。",待學,
〜たいです,願望,N5,必學,Vます去ます + たいです,想做...,"日本へ行きたいです。","想去日本。","寿司を食べたいです。","想吃壽司。","たい像い形容詞一樣變化。",待學,
〜たくないです,願望否定,N5,常用,Vます去ます + たくないです,不想做...,"今日は勉強したくないです。","今天不想讀書。","肉を食べたくないです。","不想吃肉。","たい否定是たくない。",待學,
〜より〜のほうが,比較,N5,常考,N1よりN2のほうが + 形容詞,N2比N1更...,"東京より京都のほうが静かです。","京都比東京安靜。","肉より魚のほうが好きです。","比起肉，我更喜歡魚。","被比較的放在より前面。",待學,
〜の中で〜が一番,最高級,N5,常考,Nの中でNが一番 + 形容詞,在...之中最...,"果物の中でりんごが一番好きです。","水果中我最喜歡蘋果。","一年の中で夏が一番暑いです。","一年中夏天最熱。","範圍用の中で。",待學,
〜と思います,想法,N5,補充,普通形 + と思います,我覺得...,"明日は雨だと思います。","我覺得明天會下雨。","この本はおもしろいと思います。","我覺得這本書很有趣。","前面通常接普通形，初學可先當固定句型。",待學,
